USER_ID,USERNAME,TASK_COMPLETED_STATUS,TASK_TITLE
2,Antonette,true,distinctio vitae autem nihil ut molestias quo
2,Antonette,true,voluptas quo tenetur perspiciatis explicabo natus
2,Antonette,true,aliquam aut quasi
2,Antonette,true,veritatis pariatur delectus
2,Antonette,true,nemo perspiciatis repellat ut dolor libero commodi blanditiis omnis
2,Antonette,true,repellendus veritatis molestias dicta incidunt
2,Antonette,true,excepturi deleniti adipisci voluptatem et neque optio illum ad
2,Antonette,true,totam atque quo nesciunt
2,Antonette,false,suscipit repellat esse quibusdam voluptatem incidunt
2,Antonette,false,et itaque necessitatibus maxime molestiae qui quas velit
2,Antonette,false,adipisci non ad dicta qui amet quaerat doloribus ea
2,Antonette,false,nesciunt totam sit blanditiis sit
2,Antonette,false,laborum aut in quam
2,Antonette,false,repudiandae totam in est sint facere fuga
2,Antonette,false,earum doloribus ea doloremque quis
2,Antonette,false,sint sit aut vero
2,Antonette,false,porro aut necessitatibus eaque distinctio
2,Antonette,false,sunt cum tempora
2,Antonette,false,totam quia non
2,Antonette,false,doloremque quibusdam asperiores libero corrupti illum qui omnis
